{
  "images": [
    {
      "filename": "hrvspark_app_icon_1024.png",
      "idiom": "universal",
      "platform": "ios",
      "size": "1024x1024"
    },
    {
      "appearances": [
        {
          "appearance": "luminosity",
          "value": "dark"
        }
      ],
      "filename": "hrvspark_app_icon_dark_1024.png",
      "idiom": "universal",
      "platform": "ios",
      "size": "1024x1024"
    },
    {
      "appearances": [
        {
          "appearance": "luminosity",
          "value": "tinted"
        }
      ],
      "filename": "hrvspark_app_icon_dark_1024.png",
      "idiom": "universal",
      "platform": "ios",
      "size": "1024x1024"
    }
  ],
  "info": {
    "author": "xcode",
    "version": 1
  }
}